epoch,batch_idx,loss
1,6,2.540224075317383
1,13,2.2867093086242676
1,20,2.219407558441162
1,27,2.4389047622680664
1,34,2.1131362915039062
1,41,2.364755392074585
1,48,2.170180082321167
1,55,2.0434653759002686
1,62,1.9479398727416992
1,69,2.1260647773742676
1,76,1.7761130332946777
1,83,1.9191330671310425
1,90,1.94858717918396
1,97,1.9884793758392334
1,104,1.915834665298462
1,111,1.819057583808899
1,118,1.8525222539901733
1,125,2.007338047027588
1,132,2.008185863494873
1,139,1.7384028434753418
1,146,1.8552436828613281
1,153,1.7089018821716309
1,160,1.6047338247299194
1,167,1.6689717769622803
1,174,1.6426430940628052
1,181,1.7578835487365723
1,188,1.47049081325531
1,195,1.3972114324569702
1,202,1.5487415790557861
1,209,1.5432395935058594
1,216,1.354137659072876
1,223,1.589752197265625
1,230,1.376641035079956
1,237,1.4424512386322021
1,244,1.3734689950942993
1,251,1.460744023323059
1,258,1.5471853017807007
1,265,1.3226763010025024
1,272,1.4895235300064087
1,279,1.324028730392456
1,286,1.2823559045791626
1,293,1.362847924232483
1,300,1.337336778640747
1,307,1.277160882949829
1,314,1.4130669832229614
1,321,1.3737660646438599
1,328,1.2138984203338623
1,335,1.268028736114502
1,342,1.2591807842254639
1,349,1.3075740337371826
1,356,1.3119970560073853
1,363,1.3255391120910645
1,370,1.2270314693450928
1,377,1.2404826879501343
1,384,1.191981315612793
1,391,1.1919689178466797
1,398,1.2068445682525635
1,405,1.186707615852356
1,412,1.0267174243927002
1,419,1.177847146987915
1,426,1.1614350080490112
1,433,1.2416144609451294
1,440,1.074761986732483
1,447,1.1245925426483154
1,454,1.1239049434661865
1,461,1.0631904602050781
1,468,1.1445996761322021
1,475,1.039573311805725
1,482,1.1442861557006836
1,489,1.0298728942871094
1,496,0.9744986295700073
1,503,1.0890264511108398
1,510,1.1194255352020264
1,517,1.0753077268600464
1,524,1.0672821998596191
1,531,1.0699965953826904
1,538,1.0568482875823975
1,545,1.0747299194335938
1,552,1.0425409078598022
1,559,1.0591856241226196
1,566,1.023945927619934
1,573,1.0776970386505127
1,580,1.0099587440490723
1,587,0.9808192253112793
1,594,0.9804743528366089
1,601,0.9710220098495483
1,608,1.1431936025619507
1,615,1.0481488704681396
1,622,0.9823626279830933
1,629,1.040682077407837
1,636,0.9446049928665161
1,643,0.9652045369148254
1,650,0.9267212748527527
1,657,0.9752976298332214
1,664,1.0066722631454468
1,671,0.863978385925293
1,678,0.8795514106750488
1,685,1.0451982021331787
1,692,0.8935219645500183
1,699,0.9538145661354065
1,706,1.0427067279815674
1,713,0.9471907615661621
1,720,0.9623968005180359
1,727,1.005547046661377
1,734,0.9580522179603577
1,741,0.9327581524848938
1,748,0.9549920558929443
1,755,0.8981761336326599
1,762,0.9938362836837769
1,769,0.9220572710037231
1,776,1.0229227542877197
1,783,0.9447148442268372
1,790,0.8918816447257996
1,797,0.9557281136512756
1,804,0.8426842093467712
1,811,0.9392322301864624
1,818,0.8145579695701599
1,825,0.8289285898208618
1,832,0.8875772356987
1,839,0.9155956506729126
1,846,0.7483769059181213
1,853,0.8559937477111816
1,860,0.8067044019699097
1,867,0.8361494541168213
1,874,0.878812313079834
1,881,0.9163567423820496
1,888,0.8692410588264465
1,895,0.8328055143356323
1,902,0.8396916389465332
1,909,0.8599004149436951
1,916,0.8354495763778687
1,923,0.8386600017547607
1,930,0.8445525169372559
1,937,0.9304651618003845
1,944,0.9166027903556824
1,951,0.9162212014198303
1,958,0.8516409397125244
1,965,0.7713704109191895
1,972,0.8248084783554077
1,979,0.7511824369430542
1,986,0.8286895751953125
1,993,0.870250940322876
1,1000,0.7998172044754028
1,1007,0.9437858462333679
1,1014,0.8971492648124695
1,1021,0.9187470078468323
1,1028,0.8076410889625549
1,1035,0.739593505859375
1,1042,0.8303227424621582
1,1049,0.9482672214508057
1,1056,0.7880526781082153
1,1063,0.770276665687561
1,1070,0.8823922276496887
1,1077,0.8673047423362732
1,1084,0.855453610420227
1,1091,0.8146877288818359
1,1098,0.834722638130188
1,1105,0.8592501878738403
1,1112,0.7500698566436768
1,1119,0.8415300250053406
1,1126,0.8564628958702087
1,1133,0.8423497080802917
1,1140,0.7191116809844971
1,1147,0.8026265501976013
1,1154,0.9535208344459534
1,1161,0.764423131942749
1,1168,0.8599687218666077
1,1175,0.9103851914405823
1,1182,0.7607198357582092
1,1189,0.7512802481651306
1,1196,0.7563515305519104
1,1203,0.7871447205543518
1,1210,0.8713355660438538
1,1217,0.7887997627258301
1,1224,0.8087988495826721
1,1231,0.8350633978843689
1,1238,0.8243927359580994
1,1245,0.8488461971282959
1,1252,0.7733092904090881
1,1259,0.7943706512451172
1,1266,0.7766815423965454
1,1273,0.8280048966407776
1,1280,0.7654973864555359
1,1287,0.7265391945838928
1,1294,0.7882682085037231
1,1301,0.7852080464363098
1,1308,0.7778902649879456
1,1315,0.793358325958252
1,1322,0.7612385749816895
1,1329,0.8504250049591064
1,1336,0.7565693259239197
1,1343,0.806097149848938
1,1350,0.8210657238960266
1,1357,0.8356161117553711
1,1364,0.7709981203079224
1,1371,0.7810901403427124
1,1378,0.8327286839485168
1,1385,0.8260719776153564
1,1392,0.7960535883903503
1,1399,0.698891818523407
1,1406,0.7993608117103577
1,1413,0.8025919795036316
1,1420,0.8156152963638306
1,1427,0.7610839605331421
1,1434,0.8829398155212402
1,1441,0.7337969541549683
1,1448,0.8764828443527222
1,1455,0.8060609698295593
1,1462,0.6987234950065613
1,1469,0.7958963513374329
1,1476,0.7443303465843201
1,1483,0.8469297289848328
1,1490,0.7294090390205383
1,1497,0.837464451789856
1,1504,0.7949973940849304
1,1511,0.7227330207824707
1,1518,0.7480596303939819
1,1525,0.7743009328842163
1,1532,0.7212243676185608
1,1539,0.8372783064842224
1,1546,0.71388840675354
1,1553,0.8070787787437439
1,1560,0.7929942607879639
1,1567,0.8250771164894104
1,1574,0.7332944869995117
1,1581,0.8104197382926941
1,1588,0.8279387354850769
1,1595,0.8180041909217834
1,1602,0.8587486147880554
1,1609,0.7960680723190308
1,1616,0.7693917155265808
1,1623,0.797243595123291
1,1630,0.7606115341186523
1,1637,0.7477095723152161
1,1644,0.8542667627334595
1,1651,0.7116500735282898
1,1658,0.8213247060775757
1,1665,0.8448680639266968
1,1672,0.8134096264839172
1,1679,0.8095265030860901
1,1686,0.7436305284500122
1,1693,0.7167798280715942
1,1700,0.6897264719009399
1,1707,0.7939241528511047
1,1714,0.7393604516983032
1,1721,0.8449783325195312
1,1728,0.7826284170150757
1,1735,0.7513355016708374
1,1742,0.6944563388824463
1,1749,0.7260174751281738
1,1756,0.7900981307029724
1,1763,0.750420868396759
1,1770,0.7243485450744629
1,1777,0.8003600239753723
1,1784,0.7410671710968018
1,1791,0.7311347723007202
1,1798,0.7931392192840576
1,1805,0.6400375962257385
1,1812,0.7435122132301331
1,1819,0.7327671051025391
1,1826,0.7123402953147888
1,1833,0.7812579274177551
1,1840,0.839794933795929
1,1847,0.7466549873352051
1,1854,0.7403855323791504
1,1861,0.7537226676940918
1,1868,0.7526634335517883
1,1875,0.7844629287719727
1,1882,0.7960013151168823
1,1889,0.769721269607544
1,1896,0.6985349655151367
1,1903,0.7741342186927795
1,1910,0.7851357460021973
1,1917,0.6925044655799866
1,1924,0.6768975853919983
1,1931,0.7880735993385315
1,1938,0.6600693464279175
1,1945,0.7676835060119629
1,1952,0.7744210958480835
1,1959,0.7486860156059265
1,1966,0.7239097952842712
1,1973,0.7186523079872131
1,1980,0.7498167753219604
1,1987,0.7264109253883362
1,1994,0.8080947399139404
1,2001,0.7374328970909119
1,2008,0.7299453020095825
1,2015,0.7444980144500732
1,2022,0.7555498480796814
1,2029,0.8762679100036621
1,2036,0.779058575630188
1,2043,0.7202087640762329
1,2050,0.7731743454933167
1,2057,0.6943565607070923
1,2064,0.7923973202705383
1,2071,0.7094035148620605
1,2078,0.7152469158172607
1,2085,0.6835584044456482
1,2092,0.720548152923584
1,2099,0.7436781525611877
1,2106,0.7751591205596924
1,2113,0.8018107414245605
1,2120,0.7689523696899414
1,2127,0.7621961832046509
1,2134,0.7298362851142883
1,2141,0.6973674297332764
1,2148,0.729208767414093
1,2155,0.7007325887680054
1,2162,0.7284373044967651
1,2169,0.7565706372261047
1,2176,0.7188975811004639
1,2183,0.7537932395935059
1,2190,0.7188133001327515
1,2197,0.6963293552398682
1,2204,0.7599523067474365
1,2211,0.7137280702590942
1,2218,0.7351856827735901
1,2225,0.7635228633880615
1,2232,0.6891086101531982
1,2239,0.7021119594573975
1,2246,0.7553367614746094
1,2253,0.7088404893875122
1,2260,0.7755109071731567
1,2267,0.7414168119430542
1,2274,0.7559585571289062
1,2281,0.763281524181366
1,2288,0.7335875630378723
1,2295,0.7394247651100159
1,2302,0.7049763202667236
1,2309,0.7577002644538879
1,2316,0.8138826489448547
1,2323,0.7298648953437805
1,2330,0.6503264307975769
1,2337,0.7804360389709473
1,2344,0.7872925996780396
1,2351,0.7863436937332153
1,2358,0.668822169303894
1,2365,0.7149322628974915
1,2372,0.7736000418663025
1,2379,0.7448948621749878
1,2386,0.7663478255271912
1,2393,0.7318586111068726
1,2400,0.7344717979431152
1,2407,0.7028177380561829
1,2414,0.769005298614502
1,2421,0.732872724533081
1,2428,0.7349854707717896
1,2435,0.7933297753334045
1,2442,0.6646618843078613
1,2449,0.6900001168251038
1,2456,0.7587359547615051
1,2463,0.7229403853416443
1,2470,0.7431329488754272
1,2477,0.6902039647102356
1,2484,0.7781733274459839
1,2491,0.6649655699729919
1,2498,0.7351398468017578
1,2505,0.765811562538147
1,2512,0.7035084962844849
1,2519,0.7227146625518799
1,2526,0.8400400280952454
1,2533,0.7151642441749573
1,2540,0.6944559216499329
1,2547,0.7541855573654175
1,2554,0.7002648115158081
1,2561,0.759929895401001
1,2568,0.6689622402191162
1,2575,0.7158225774765015
1,2582,0.710847020149231
1,2589,0.7067871689796448
1,2596,0.7182715535163879
1,2603,0.7295811176300049
1,2610,0.7039336562156677
1,2617,0.7143517732620239
1,2624,0.695349395275116
1,2631,0.663962721824646
1,2638,0.7694797515869141
1,2645,0.7414289712905884
1,2652,0.7010297179222107
1,2659,0.6466531753540039
1,2666,0.659273624420166
1,2673,0.6951809525489807
1,2680,0.6859398484230042
1,2687,0.7582063674926758
1,2694,0.7353624701499939
1,2701,0.6965072751045227
1,2708,0.6976341605186462
1,2715,0.7485681176185608
1,2722,0.759876012802124
1,2729,0.680830717086792
1,2736,0.7716267704963684
1,2743,0.6997730731964111
1,2750,0.7097597122192383
1,2757,0.6528578400611877
1,2764,0.7478080987930298
1,2771,0.709326446056366
1,2778,0.7307074069976807
1,2785,0.7549890875816345
1,2792,0.7048268914222717
1,2799,0.7373462319374084
1,2806,0.6853728294372559
1,2813,0.715864896774292
1,2820,0.7070501446723938
1,2827,0.7620428800582886
1,2834,0.6854085922241211
1,2841,0.7475076913833618
1,2848,0.7305641174316406
1,2855,0.7436809539794922
1,2862,0.6599017977714539
1,2869,0.6871381998062134
1,2876,0.6946923732757568
1,2883,0.7167279720306396
1,2890,0.7562726140022278
1,2897,0.7786096334457397
1,2904,0.6666938066482544
1,2911,0.7606833577156067
1,2918,0.7031347751617432
1,2925,0.7574759721755981
1,2932,0.7346026301383972
1,2939,0.7123739123344421
1,2946,0.7155932188034058
1,2953,0.7600643634796143
1,2960,0.754321813583374
1,2967,0.814057469367981
1,2974,0.7999162077903748
1,2981,0.7025063037872314
1,2988,0.7077239751815796
1,2995,0.7541331052780151
1,3002,0.7294282913208008
1,3009,0.7452624440193176
1,3016,0.6907095909118652
1,3023,0.7454321384429932
1,3030,0.7643607258796692
1,3037,0.6894234418869019
1,3044,0.6896551251411438
1,3051,0.7187874913215637
1,3058,0.7244763970375061
1,3065,0.7730481624603271
1,3072,0.6684798002243042
1,3079,0.6760537624359131
1,3086,0.7607322931289673
1,3093,0.6931133270263672
1,3100,0.7139454483985901
1,3107,0.7573294043540955
1,3114,0.6990745663642883
1,3121,0.6075272560119629
1,3128,0.7777734398841858
1,3135,0.7453923225402832
1,3142,0.7238354682922363
1,3149,0.7059158682823181
1,3156,0.7282890677452087
1,3163,0.7433533668518066
1,3170,0.7128980159759521
1,3177,0.6889983415603638
1,3184,0.7083801627159119
1,3191,0.693812906742096
1,3198,0.7204785346984863
1,3205,0.6932430267333984
1,3212,0.6616610884666443
1,3219,0.6241828203201294
1,3226,0.7064027786254883
1,3233,0.5980020761489868
1,3240,0.6667218208312988
1,3247,0.7605378031730652
1,3254,0.6868208050727844
1,3261,0.7343583106994629
1,3268,0.646194338798523
1,3275,0.6642653346061707
1,3282,0.6686655282974243
1,3289,0.6982176303863525
1,3296,0.6845141053199768
1,3303,0.7753631472587585
1,3310,0.621903657913208
1,3317,0.7113266587257385
1,3324,0.7149068117141724
1,3331,0.7341258525848389
1,3338,0.7205823063850403
1,3345,0.714622974395752
1,3352,0.7638001441955566
1,3359,0.71104496717453
1,3366,0.7263652086257935
1,3373,0.757961094379425
1,3380,0.7195454835891724
1,3387,0.7402846217155457
1,3394,0.7212947010993958
1,3401,0.750508725643158
1,3408,0.7187236547470093
1,3415,0.655241072177887
1,3422,0.6996883153915405
1,3429,0.7132505774497986
1,3436,0.7496531009674072
1,3443,0.6945031881332397
1,3450,0.6960486769676208
1,3457,0.7529073357582092
1,3462,0.5277713537216187
2,6,0.7282209396362305
2,13,0.7257870435714722
2,20,0.6884641647338867
2,27,0.6638875007629395
2,34,0.70420902967453
2,41,0.6650692224502563
2,48,0.6572213768959045
2,55,0.6939073801040649
2,62,0.7029076218605042
2,69,0.7062122821807861
2,76,0.6879482865333557
2,83,0.7152995467185974
2,90,0.7174789905548096
2,97,0.6687564849853516
2,104,0.705493688583374
2,111,0.7393935322761536
2,118,0.7067145109176636
2,125,0.7072203755378723
2,132,0.6594781875610352
2,139,0.6667611598968506
2,146,0.6773218512535095
2,153,0.7164168357849121
2,160,0.7004796862602234
2,167,0.6981180906295776
2,174,0.706343948841095
2,181,0.7288484573364258
2,188,0.7321799397468567
2,195,0.6790634989738464
2,202,0.6770459413528442
2,209,0.6929120421409607
2,216,0.7150625586509705
2,223,0.6713861227035522
2,230,0.6336333751678467
2,237,0.8102755546569824
2,244,0.6358510255813599
2,251,0.7515199184417725
2,258,0.7396481037139893
2,265,0.6639646291732788
2,272,0.6780053377151489
2,279,0.7033396363258362
2,286,0.7451567649841309
2,293,0.7375422120094299
2,300,0.6806303858757019
2,307,0.6989458799362183
2,314,0.6583634614944458
2,321,0.732727587223053
2,328,0.6904515027999878
2,335,0.6573383808135986
2,342,0.6943146586418152
2,349,0.7488850951194763
2,356,0.6976601481437683
2,363,0.7906484603881836
2,370,0.6762925982475281
2,377,0.7715728282928467
2,384,0.7568448781967163
2,391,0.6155527830123901
2,398,0.6605322957038879
2,405,0.6568300127983093
2,412,0.7275237441062927
2,419,0.7256942391395569
2,426,0.7226332426071167
2,433,0.7608312368392944
2,440,0.7562565207481384
2,447,0.6532837152481079
2,454,0.7047974467277527
2,461,0.7182295322418213
2,468,0.6888675093650818
2,475,0.5818861126899719
2,482,0.7272527813911438
2,489,0.6718441247940063
2,496,0.6540173292160034
2,503,0.674709141254425
2,510,0.6760360598564148
2,517,0.7197285890579224
2,524,0.747035562992096
2,531,0.6708126664161682
2,538,0.7068588733673096
2,545,0.686396062374115
2,552,0.7145266532897949
2,559,0.6835799813270569
2,566,0.6943861842155457
2,573,0.6862189769744873
2,580,0.6793199181556702
2,587,0.6929535865783691
2,594,0.6896994709968567
2,601,0.7205314636230469
2,608,0.6849474906921387
2,615,0.6544870734214783
2,622,0.6516498327255249
2,629,0.6400431394577026
2,636,0.7154274582862854
2,643,0.6758582592010498
2,650,0.6583606600761414
2,657,0.6267755031585693
2,664,0.6870918869972229
2,671,0.7018198370933533
2,678,0.6707803606987
2,685,0.7043145298957825
2,692,0.7830532193183899
2,699,0.653975248336792
2,706,0.7399836778640747
2,713,0.6990433931350708
2,720,0.682228684425354
2,727,0.7139095067977905
2,734,0.7398754954338074
2,741,0.693898618221283
2,748,0.6820364594459534
2,755,0.6603536605834961
2,762,0.7020819783210754
2,769,0.6969759464263916
2,776,0.7001152038574219
2,783,0.6592507362365723
2,790,0.7116978764533997
2,797,0.6735009551048279
2,804,0.6661931276321411
2,811,0.6851215362548828
2,818,0.6928686499595642
2,825,0.6752097606658936
2,832,0.6752890348434448
2,839,0.7382482290267944
2,846,0.6656981110572815
2,853,0.6750791668891907
2,860,0.6742342114448547
2,867,0.6848651766777039
2,874,0.7002824544906616
2,881,0.70542973279953
2,888,0.7537669539451599
2,895,0.7387903928756714
2,902,0.7115265727043152
2,909,0.6607574224472046
2,916,0.6376304030418396
2,923,0.6760849952697754
2,930,0.6329348087310791
2,937,0.6687127947807312
2,944,0.6538081169128418
2,951,0.6645762920379639
2,958,0.6637830138206482
2,965,0.6734288930892944
2,972,0.7055147886276245
2,979,0.6595255136489868
2,986,0.6542102694511414
2,993,0.7093371152877808
2,1000,0.7138398289680481
2,1007,0.6743969917297363
2,1014,0.6750932931900024
2,1021,0.6584400534629822
2,1028,0.688944399356842
2,1035,0.7147808074951172
2,1042,0.660155177116394
2,1049,0.7294144630432129
2,1056,0.6814745664596558
2,1063,0.7479780912399292
2,1070,0.7405258417129517
2,1077,0.6418388485908508
2,1084,0.7752925753593445
2,1091,0.6519035696983337
2,1098,0.6836358904838562
2,1105,0.6471341848373413
2,1112,0.6821478605270386
2,1119,0.6480605006217957
2,1126,0.7188019156455994
2,1133,0.712102472782135
2,1140,0.6632634997367859
2,1147,0.6411715745925903
2,1154,0.714910626411438
2,1161,0.7277776002883911
2,1168,0.6400238275527954
2,1175,0.6716254353523254
2,1182,0.6812902688980103
2,1189,0.660243034362793
2,1196,0.7347766160964966
2,1203,0.6764245629310608
2,1210,0.675269365310669
2,1217,0.6788551807403564
2,1224,0.6603060364723206
2,1231,0.7105820775032043
2,1238,0.7059513330459595
2,1245,0.6895187497138977
2,1252,0.716953456401825
2,1259,0.7333278656005859
2,1266,0.7327951788902283
2,1273,0.633897066116333
2,1280,0.6840813755989075
2,1287,0.7095519304275513
2,1294,0.6617916226387024
2,1301,0.6638841032981873
2,1308,0.6831501722335815
2,1315,0.6674585342407227
2,1322,0.6421656012535095
2,1329,0.7396709322929382
2,1336,0.6388065814971924
2,1343,0.6476008892059326
2,1350,0.6155762672424316
2,1357,0.6504300832748413
2,1364,0.6798518300056458
2,1371,0.7101871371269226
2,1378,0.6905807256698608
2,1385,0.6989778280258179
2,1392,0.7307623624801636
2,1399,0.5852556228637695
2,1406,0.7205294966697693
2,1413,0.6933596730232239
2,1420,0.6744024753570557
2,1427,0.6376949548721313
2,1434,0.6478500366210938
2,1441,0.7096206545829773
2,1448,0.6578033566474915
2,1455,0.6588308811187744
2,1462,0.6995812058448792
2,1469,0.6581469774246216
2,1476,0.7030874490737915
2,1483,0.684502124786377
2,1490,0.7023125886917114
2,1497,0.6464508771896362
2,1504,0.6935038566589355
2,1511,0.6768746972084045
2,1518,0.7273359298706055
2,1525,0.6640546321868896
2,1532,0.6501336693763733
2,1539,0.7163809537887573
2,1546,0.7582962512969971
2,1553,0.6441609263420105
2,1560,0.6851299405097961
2,1567,0.6519899964332581
2,1574,0.642475962638855
2,1581,0.7083698511123657
2,1588,0.7188071608543396
2,1595,0.6324033141136169
2,1602,0.6027796268463135
2,1609,0.6629442572593689
2,1616,0.6841891407966614
2,1623,0.6740186214447021
2,1630,0.6311641335487366
2,1637,0.6919116973876953
2,1644,0.7039792537689209
2,1651,0.6314741969108582
2,1658,0.6810203790664673
2,1665,0.675978422164917
2,1672,0.7136545181274414
2,1679,0.6033133268356323
2,1686,0.6804133653640747
2,1693,0.6750367879867554
2,1700,0.7058938145637512
2,1707,0.6026546359062195
2,1714,0.6479153633117676
2,1721,0.6813274621963501
2,1728,0.6689607501029968
2,1735,0.697848379611969
2,1742,0.687893271446228
2,1749,0.6343972086906433
2,1756,0.688631534576416
2,1763,0.6919687986373901
2,1770,0.6690383553504944
2,1777,0.6419143676757812
2,1784,0.7015461325645447
2,1791,0.6701045632362366
2,1798,0.6694182753562927
2,1805,0.6670997142791748
2,1812,0.7168354988098145
2,1819,0.6232155561447144
2,1826,0.6734349131584167
2,1833,0.590404212474823
2,1840,0.6984422206878662
2,1847,0.6567863821983337
2,1854,0.6362746953964233
2,1861,0.6856904625892639
2,1868,0.6627556681632996
2,1875,0.6716887950897217
2,1882,0.6962977647781372
2,1889,0.6791263818740845
2,1896,0.6539568901062012
2,1903,0.7135937213897705
2,1910,0.6357705593109131
2,1917,0.6457825899124146
2,1924,0.6649882197380066
2,1931,0.685218095779419
2,1938,0.6568487882614136
2,1945,0.6928604245185852
2,1952,0.7185405492782593
2,1959,0.6650217175483704
2,1966,0.6840832829475403
2,1973,0.68062824010849
2,1980,0.6768829822540283
2,1987,0.7245447039604187
2,1994,0.6955899000167847
2,2001,0.657619059085846
2,2008,0.6522412896156311
2,2015,0.6741935014724731
2,2022,0.6840248703956604
2,2029,0.6636419296264648
2,2036,0.6513802409172058
2,2043,0.6313603520393372
2,2050,0.6832996010780334
2,2057,0.6757824420928955
2,2064,0.705986738204956
2,2071,0.7148425579071045
2,2078,0.6960498690605164
2,2085,0.6700972318649292
2,2092,0.6374161839485168
2,2099,0.7276249527931213
2,2106,0.7165617346763611
2,2113,0.6436603665351868
2,2120,0.7058411836624146
2,2127,0.641243040561676
2,2134,0.7025214433670044
2,2141,0.6827571392059326
2,2148,0.6758940815925598
2,2155,0.6536434888839722
2,2162,0.6909804940223694
2,2169,0.7031822204589844
2,2176,0.6707747578620911
2,2183,0.6554663777351379
2,2190,0.6832583546638489
2,2197,0.6711298823356628
2,2204,0.6819728016853333
2,2211,0.741083562374115
2,2218,0.7383742332458496
2,2225,0.6893808245658875
2,2232,0.6200801730155945
2,2239,0.6798942685127258
2,2246,0.7055104970932007
2,2253,0.6918216943740845
2,2260,0.6206496953964233
2,2267,0.7403124570846558
2,2274,0.6722405552864075
2,2281,0.7010040879249573
2,2288,0.6463698744773865
2,2295,0.656960666179657
2,2302,0.673449695110321
2,2309,0.6785046458244324
2,2316,0.7229350805282593
2,2323,0.7377684116363525
2,2330,0.7451766729354858
2,2337,0.6441783905029297
2,2344,0.7164096832275391
2,2351,0.6760752201080322
2,2358,0.6899785995483398
2,2365,0.7198642492294312
2,2372,0.6712716221809387
2,2379,0.6479007005691528
2,2386,0.6363436579704285
2,2393,0.5911604762077332
2,2400,0.7217069268226624
2,2407,0.6490231156349182
2,2414,0.6687264442443848
2,2421,0.7069745063781738
2,2428,0.696131706237793
2,2435,0.671991229057312
2,2442,0.6767876148223877
2,2449,0.6626229882240295
2,2456,0.6686900854110718
2,2463,0.6360057592391968
2,2470,0.6658800840377808
2,2477,0.6858181357383728
2,2484,0.6960009336471558
2,2491,0.6673619747161865
2,2498,0.6675370931625366
2,2505,0.6613063812255859
2,2512,0.6568440198898315
2,2519,0.7236568331718445
2,2526,0.6185979247093201
2,2533,0.633357584476471
2,2540,0.6459215879440308
2,2547,0.6773887276649475
2,2554,0.6819964051246643
2,2561,0.6193029880523682
2,2568,0.6972558498382568
2,2575,0.6771464347839355
2,2582,0.6615749001502991
2,2589,0.62694251537323
2,2596,0.6641957759857178
2,2603,0.6706557869911194
2,2610,0.6808309555053711
2,2617,0.6664252877235413
2,2624,0.6858951449394226
2,2631,0.7091485857963562
2,2638,0.639995813369751
2,2645,0.6690110564231873
2,2652,0.6991440057754517
2,2659,0.6266458630561829
2,2666,0.6621099710464478
2,2673,0.6341289281845093
2,2680,0.6693994402885437
2,2687,0.6702513098716736
2,2694,0.6764180660247803
2,2701,0.6599826812744141
2,2708,0.6749434471130371
2,2715,0.6086307764053345
2,2722,0.7065662145614624
2,2729,0.6871594190597534
2,2736,0.6366012692451477
2,2743,0.6674469709396362
2,2750,0.666486918926239
2,2757,0.6733933091163635
2,2764,0.6621657013893127
2,2771,0.7158405780792236
2,2778,0.6148091554641724
2,2785,0.6774010062217712
2,2792,0.5986875891685486
2,2799,0.6828546524047852
2,2806,0.6973353624343872
2,2813,0.6536520719528198
2,2820,0.7343785166740417
2,2827,0.639750063419342
2,2834,0.6969296336174011
2,2841,0.66653972864151
2,2848,0.6634261608123779
2,2855,0.6598596572875977
2,2862,0.6806121468544006
2,2869,0.6695960164070129
2,2876,0.7051115036010742
2,2883,0.6647688746452332
2,2890,0.6751985549926758
2,2897,0.6333944797515869
2,2904,0.7023733854293823
2,2911,0.6236494779586792
2,2918,0.6899233460426331
2,2925,0.6350554823875427
2,2932,0.6899572610855103
2,2939,0.6564010977745056
2,2946,0.6581690907478333
2,2953,0.6700716018676758
2,2960,0.6853760480880737
2,2967,0.6753664016723633
2,2974,0.7080202102661133
2,2981,0.6845582723617554
2,2988,0.7026151418685913
2,2995,0.6832730174064636
2,3002,0.6413900852203369
2,3009,0.6924955248832703
2,3016,0.6363266110420227
2,3023,0.6760864853858948
2,3030,0.6677587032318115
2,3037,0.659943699836731
2,3044,0.7434251308441162
2,3051,0.6188117265701294
2,3058,0.6112421751022339
2,3065,0.6707522869110107
2,3072,0.6446598768234253
2,3079,0.6323503255844116
2,3086,0.703856348991394
2,3093,0.6264975070953369
2,3100,0.6840051412582397
2,3107,0.5859450697898865
2,3114,0.7456669211387634
2,3121,0.7006837129592896
2,3128,0.6906958818435669
2,3135,0.6928290128707886
2,3142,0.6572655439376831
2,3149,0.5969675183296204
2,3156,0.6970892548561096
2,3163,0.6511673331260681
2,3170,0.6708729267120361
2,3177,0.6097881197929382
2,3184,0.7011206150054932
2,3191,0.6627604365348816
2,3198,0.6913707256317139
2,3205,0.6419813632965088
2,3212,0.6325532793998718
2,3219,0.7208391427993774
2,3226,0.678459882736206
2,3233,0.7037367224693298
2,3240,0.6794071197509766
2,3247,0.6359196901321411
2,3254,0.6188148260116577
2,3261,0.667503833770752
2,3268,0.6351093649864197
2,3275,0.7516648173332214
2,3282,0.6626810431480408
2,3289,0.6086097955703735
2,3296,0.6949383616447449
2,3303,0.6723498106002808
2,3310,0.697817862033844
2,3317,0.6621780395507812
2,3324,0.631621241569519
2,3331,0.6293047666549683
2,3338,0.7046529054641724
2,3345,0.6457430124282837
2,3352,0.7581416368484497
2,3359,0.6419899463653564
2,3366,0.6815816164016724
2,3373,0.6621052026748657
2,3380,0.6986689567565918
2,3387,0.7020180225372314
2,3394,0.5647228956222534
2,3401,0.6478533744812012
2,3408,0.6396254897117615
2,3415,0.6751110553741455
2,3422,0.6786649823188782
2,3429,0.6557237505912781
2,3436,0.6539621353149414
2,3443,0.6129477620124817
2,3450,0.7171012759208679
2,3457,0.6955893635749817
2,3462,0.5016756057739258
3,6,0.6956741809844971
3,13,0.7017416954040527
3,20,0.6688169240951538
3,27,0.6741185188293457
3,34,0.6866122484207153
3,41,0.6945874691009521
3,48,0.6697758436203003
3,55,0.6556340456008911
3,62,0.6782191395759583
3,69,0.6387946605682373
3,76,0.6576672792434692
3,83,0.6689429879188538
3,90,0.6502649784088135
3,97,0.612885057926178
3,104,0.7078215479850769
3,111,0.7129409313201904
3,118,0.7046502828598022
3,125,0.6348736882209778
3,132,0.7065674662590027
3,139,0.6912393569946289
3,146,0.6608732342720032
3,153,0.6905957460403442
3,160,0.7144641876220703
3,167,0.653427004814148
3,174,0.6420570611953735
3,181,0.619083046913147
3,188,0.6693642735481262
3,195,0.6264235973358154
3,202,0.6810999512672424
3,209,0.7151148915290833
3,216,0.6614006757736206
3,223,0.7317427396774292
3,230,0.6974506378173828
3,237,0.7051429748535156
3,244,0.6572163701057434
3,251,0.693773627281189
3,258,0.6819324493408203
3,265,0.6895144581794739
3,272,0.642168402671814
3,279,0.6909604668617249
3,286,0.7237902283668518
3,293,0.6470852494239807
3,300,0.6845688223838806
3,307,0.7122713327407837
3,314,0.6728579998016357
3,321,0.6667841672897339
3,328,0.7355236411094666
3,335,0.7280393838882446
3,342,0.6571813225746155
3,349,0.6546885371208191
3,356,0.6967659592628479
3,363,0.6072767376899719
3,370,0.7033330202102661
3,377,0.6606186628341675
3,384,0.6634160280227661
3,391,0.6352620124816895
3,398,0.6344661712646484
3,405,0.6733428835868835
3,412,0.6794359683990479
3,419,0.687714695930481
3,426,0.63763827085495
3,433,0.7230801582336426
3,440,0.6730985045433044
3,447,0.6323947906494141
3,454,0.631348729133606
3,461,0.6011909246444702
3,468,0.6886999607086182
3,475,0.6956800222396851
3,482,0.5957218408584595
3,489,0.6228632926940918
3,496,0.702548086643219
3,503,0.6694620251655579
3,510,0.6236127018928528
3,517,0.6491259932518005
3,524,0.6174073219299316
3,531,0.7011966705322266
3,538,0.6443788409233093
3,545,0.5968519449234009
3,552,0.6606824398040771
3,559,0.66708904504776
3,566,0.6104274988174438
3,573,0.5773818492889404
3,580,0.695426881313324
3,587,0.6709077954292297
3,594,0.740345299243927
3,601,0.6693788766860962
3,608,0.7297400832176208
3,615,0.7053982019424438
3,622,0.7153837084770203
3,629,0.6437049508094788
3,636,0.5926874279975891
3,643,0.6444110870361328
3,650,0.7241857647895813
3,657,0.7075062990188599
3,664,0.6572332978248596
3,671,0.6789138317108154
3,678,0.664539098739624
3,685,0.6424071788787842
3,692,0.6642980575561523
3,699,0.6977325081825256
3,706,0.6725350022315979
3,713,0.689746081829071
3,720,0.645189642906189
3,727,0.651933491230011
3,734,0.6717548370361328
3,741,0.6896305680274963
3,748,0.6479737758636475
3,755,0.6480737924575806
3,762,0.7127108573913574
3,769,0.6127171516418457
3,776,0.6735442280769348
3,783,0.6687504053115845
3,790,0.6564958691596985
3,797,0.6257561445236206
3,804,0.5951634049415588
3,811,0.6435593962669373
3,818,0.6877428889274597
3,825,0.6158695220947266
3,832,0.6127665042877197
3,839,0.6722860336303711
3,846,0.6743881702423096
3,853,0.6585094928741455
3,860,0.6952990293502808
3,867,0.5743803977966309
3,874,0.7608818411827087
3,881,0.6187961101531982
3,888,0.6341024041175842
3,895,0.6377900838851929
3,902,0.6348598003387451
3,909,0.6464437246322632
3,916,0.6563596129417419
3,923,0.6192550659179688
3,930,0.65842205286026
3,937,0.6601260304450989
3,944,0.6578965187072754
3,951,0.6876929402351379
3,958,0.6447500586509705
3,965,0.6647263169288635
3,972,0.7171427607536316
3,979,0.6415920853614807
3,986,0.6103429198265076
3,993,0.6084799766540527
3,1000,0.6561656594276428
3,1007,0.6899905204772949
3,1014,0.6591385006904602
3,1021,0.6984477043151855
3,1028,0.6796326637268066
3,1035,0.6856908798217773
3,1042,0.6355626583099365
3,1049,0.6280292272567749
3,1056,0.6102766394615173
3,1063,0.6255884766578674
3,1070,0.6235562562942505
3,1077,0.6850931644439697
3,1084,0.6783948540687561
3,1091,0.6061819791793823
3,1098,0.6121420860290527
3,1105,0.5960405468940735
3,1112,0.6286846399307251
3,1119,0.6069056391716003
3,1126,0.6471786499023438
3,1133,0.6592092514038086
3,1140,0.6676547527313232
3,1147,0.6162942051887512
3,1154,0.6087504625320435
3,1161,0.6359454989433289
3,1168,0.6633772850036621
3,1175,0.6590378880500793
3,1182,0.7063927054405212
3,1189,0.6593142747879028
3,1196,0.6177164316177368
3,1203,0.655267059803009
3,1210,0.6326935291290283
3,1217,0.5984276533126831
3,1224,0.6369765996932983
3,1231,0.6622346043586731
3,1238,0.6646351218223572
3,1245,0.6641561985015869
3,1252,0.6779229640960693
3,1259,0.6398388147354126
3,1266,0.6775004267692566
3,1273,0.6268426179885864
3,1280,0.6193065643310547
3,1287,0.6600285768508911
3,1294,0.7573184967041016
3,1301,0.6425876617431641
3,1308,0.589881956577301
3,1315,0.6127711534500122
3,1322,0.6722342371940613
3,1329,0.6960636973381042
3,1336,0.6663426756858826
3,1343,0.6830701231956482
3,1350,0.6345796585083008
3,1357,0.5809432864189148
3,1364,0.6319831609725952
3,1371,0.6556509137153625
3,1378,0.6394214034080505
3,1385,0.6971941590309143
3,1392,0.6135178804397583
3,1399,0.7013673186302185
3,1406,0.6622452139854431
3,1413,0.672805905342102
3,1420,0.7106345295906067
3,1427,0.6312028169631958
3,1434,0.6879498958587646
3,1441,0.6469499468803406
3,1448,0.6038271188735962
3,1455,0.6351189613342285
3,1462,0.668313205242157
3,1469,0.6957041621208191
3,1476,0.6383164525032043
3,1483,0.6770216822624207
3,1490,0.6317281126976013
3,1497,0.6468780040740967
3,1504,0.6682652235031128
3,1511,0.6055037975311279
3,1518,0.6501319408416748
3,1525,0.6394357681274414
3,1532,0.6051532626152039
3,1539,0.6196835041046143
3,1546,0.6475892066955566
3,1553,0.6811106204986572
3,1560,0.6497096419334412
3,1567,0.6206697225570679
3,1574,0.6329289674758911
3,1581,0.61529541015625
3,1588,0.6408337950706482
3,1595,0.6205613613128662
3,1602,0.6186264753341675
3,1609,0.637798011302948
3,1616,0.6809210181236267
3,1623,0.7067872285842896
3,1630,0.6567452549934387
3,1637,0.5953779220581055
3,1644,0.6495353579521179
3,1651,0.6468183398246765
3,1658,0.6280161738395691
3,1665,0.680824875831604
3,1672,0.6658698320388794
3,1679,0.7105206251144409
3,1686,0.6166213154792786
3,1693,0.6745893359184265
3,1700,0.6704072952270508
3,1707,0.6697832942008972
3,1714,0.6890960335731506
3,1721,0.7307177186012268
3,1728,0.6599346995353699
3,1735,0.659844160079956
3,1742,0.6683910489082336
3,1749,0.659620463848114
3,1756,0.6781357526779175
3,1763,0.6229111552238464
3,1770,0.6165646910667419
3,1777,0.6643741726875305
3,1784,0.6800999641418457
3,1791,0.6359175443649292
3,1798,0.594334065914154
3,1805,0.665163516998291
3,1812,0.6199695467948914
3,1819,0.6527094841003418
3,1826,0.6509358882904053
3,1833,0.6482388973236084
3,1840,0.7339977025985718
3,1847,0.67176753282547
3,1854,0.6167178153991699
3,1861,0.6505495309829712
3,1868,0.645692765712738
3,1875,0.6935203671455383
3,1882,0.5864584445953369
3,1889,0.599602997303009
3,1896,0.6551316380500793
3,1903,0.6425802707672119
3,1910,0.6237513422966003
3,1917,0.6347983479499817
3,1924,0.6656116247177124
3,1931,0.6586456298828125
3,1938,0.6176215410232544
3,1945,0.6677380800247192
3,1952,0.6276835799217224
3,1959,0.6361966133117676
3,1966,0.6168119311332703
3,1973,0.6809576153755188
3,1980,0.6851018071174622
3,1987,0.5969632267951965
3,1994,0.5654199123382568
3,2001,0.7087075710296631
3,2008,0.697379469871521
3,2015,0.6028910279273987
3,2022,0.6692256927490234
3,2029,0.6034645438194275
3,2036,0.6502605676651001
3,2043,0.6276023387908936
3,2050,0.6461555361747742
3,2057,0.6785283088684082
3,2064,0.6104613542556763
3,2071,0.6541141271591187
3,2078,0.7108175754547119
3,2085,0.7093759179115295
3,2092,0.6454106569290161
3,2099,0.6281869411468506
3,2106,0.6886385679244995
3,2113,0.6191723942756653
3,2120,0.6708102226257324
3,2127,0.6579955220222473
3,2134,0.609508752822876
3,2141,0.7007246017456055
3,2148,0.5536417365074158
3,2155,0.7013387680053711
3,2162,0.6922257542610168
3,2169,0.6740611791610718
3,2176,0.6938464641571045
3,2183,0.6059638857841492
3,2190,0.6907811164855957
3,2197,0.6807121634483337
3,2204,0.6120519042015076
3,2211,0.6158519387245178
3,2218,0.6755064725875854
3,2225,0.6165593862533569
3,2232,0.6369107365608215
3,2239,0.645250141620636
3,2246,0.6257932782173157
3,2253,0.7020686864852905
3,2260,0.6095908284187317
3,2267,0.6329174637794495
3,2274,0.5770555138587952
3,2281,0.6762612462043762
3,2288,0.6262726783752441
3,2295,0.6176233887672424
3,2302,0.6699299216270447
3,2309,0.6726580858230591
3,2316,0.6728460788726807
3,2323,0.5967699885368347
3,2330,0.667646050453186
3,2337,0.6446663737297058
3,2344,0.6785660982131958
3,2351,0.706103503704071
3,2358,0.6212127804756165
3,2365,0.6541028022766113
3,2372,0.6111248731613159
3,2379,0.6524950861930847
3,2386,0.6950594186782837
3,2393,0.6060494184494019
3,2400,0.6179217100143433
3,2407,0.6428606510162354
3,2414,0.6382709741592407
3,2421,0.6105348467826843
3,2428,0.6794068217277527
3,2435,0.6047030687332153
3,2442,0.616731584072113
3,2449,0.7020916938781738
3,2456,0.6425191164016724
3,2463,0.6452568173408508
3,2470,0.608106791973114
3,2477,0.6568250060081482
3,2484,0.5919044017791748
3,2491,0.5988540649414062
3,2498,0.6287010908126831
3,2505,0.6071510910987854
3,2512,0.676902174949646
3,2519,0.6327598690986633
3,2526,0.6178953647613525
3,2533,0.6733161211013794
3,2540,0.602433979511261
3,2547,0.5752135515213013
3,2554,0.6976854205131531
3,2561,0.6337549686431885
3,2568,0.610047459602356
3,2575,0.6364936232566833
3,2582,0.6462886929512024
3,2589,0.6663262844085693
3,2596,0.7287973165512085
3,2603,0.6397504806518555
3,2610,0.693789005279541
3,2617,0.6486382484436035
3,2624,0.6547988653182983
3,2631,0.6574873924255371
3,2638,0.6499030590057373
3,2645,0.6827317476272583
3,2652,0.6610979437828064
3,2659,0.6838994026184082
3,2666,0.6977124810218811
3,2673,0.6315545439720154
3,2680,0.6087548136711121
3,2687,0.6064571142196655
3,2694,0.640808641910553
3,2701,0.5761668682098389
3,2708,0.6126691102981567
3,2715,0.6240804195404053
3,2722,0.6358258128166199
3,2729,0.6153650283813477
3,2736,0.6150614619255066
3,2743,0.6693090796470642
3,2750,0.671662449836731
3,2757,0.6714832782745361
3,2764,0.6330744028091431
3,2771,0.6492640972137451
3,2778,0.6337577104568481
3,2785,0.6778795719146729
3,2792,0.6325516104698181
3,2799,0.6218427419662476
3,2806,0.6314002871513367
3,2813,0.5703161358833313
3,2820,0.6959099173545837
3,2827,0.6622180342674255
3,2834,0.6909924745559692
3,2841,0.5849828124046326
3,2848,0.6429967880249023
3,2855,0.6065611243247986
3,2862,0.6029868125915527
3,2869,0.5886392593383789
3,2876,0.6328919529914856
3,2883,0.6518336534500122
3,2890,0.6016273498535156
3,2897,0.5880253314971924
3,2904,0.6084617972373962
3,2911,0.5994757413864136
3,2918,0.6678997278213501
3,2925,0.6134200096130371
3,2932,0.6589369773864746
3,2939,0.6714833974838257
3,2946,0.6009392738342285
3,2953,0.6646155118942261
3,2960,0.6195186376571655
3,2967,0.7264120578765869
3,2974,0.6969364881515503
3,2981,0.6186833381652832
3,2988,0.5907814502716064
3,2995,0.5710391402244568
3,3002,0.627952516078949
3,3009,0.6410932540893555
3,3016,0.6369373798370361
3,3023,0.6150306463241577
3,3030,0.5709719657897949
3,3037,0.5975865125656128
3,3044,0.6526089906692505
3,3051,0.6051488518714905
3,3058,0.6634665727615356
3,3065,0.6156656742095947
3,3072,0.6287540793418884
3,3079,0.6642428040504456
3,3086,0.6234552264213562
3,3093,0.5680586099624634
3,3100,0.6129671335220337
3,3107,0.6631399989128113
3,3114,0.6057184934616089
3,3121,0.6246316432952881
3,3128,0.620160698890686
3,3135,0.5828582048416138
3,3142,0.6421391367912292
3,3149,0.6540260314941406
3,3156,0.6087843179702759
3,3163,0.6515222191810608
3,3170,0.6712894439697266
3,3177,0.6605253219604492
3,3184,0.5866931080818176
3,3191,0.6348682045936584
3,3198,0.5991688966751099
3,3205,0.6200088858604431
3,3212,0.6272497773170471
3,3219,0.6256455779075623
3,3226,0.6000363230705261
3,3233,0.6494942903518677
3,3240,0.6063612103462219
3,3247,0.6963868141174316
3,3254,0.6258421540260315
3,3261,0.6213371157646179
3,3268,0.6100180149078369
3,3275,0.5832955837249756
3,3282,0.6028801798820496
3,3289,0.6718450784683228
3,3296,0.6399959325790405
3,3303,0.7126976847648621
3,3310,0.6556107997894287
3,3317,0.6469076871871948
3,3324,0.6308536529541016
3,3331,0.644133448600769
3,3338,0.678858757019043
3,3345,0.6016661524772644
3,3352,0.601884663105011
3,3359,0.6353625655174255
3,3366,0.7024969458580017
3,3373,0.6645856499671936
3,3380,0.6571082472801208
3,3387,0.676094114780426
3,3394,0.6751449108123779
3,3401,0.7054473161697388
3,3408,0.6913231015205383
3,3415,0.6211320161819458
3,3422,0.6639164686203003
3,3429,0.6551374793052673
3,3436,0.621250331401825
3,3443,0.5984780788421631
3,3450,0.6428705453872681
3,3457,0.5889183282852173
3,3462,0.490257203578949
4,6,0.6761455535888672
4,13,0.6324525475502014
4,20,0.5925572514533997
4,27,0.6521127820014954
4,34,0.60071861743927
4,41,0.698293924331665
4,48,0.6805498600006104
4,55,0.6484799981117249
4,62,0.5822039842605591
4,69,0.6348203420639038
4,76,0.5414493680000305
4,83,0.6055741310119629
4,90,0.6212175488471985
4,97,0.6703178286552429
4,104,0.6594444513320923
4,111,0.6318029761314392
4,118,0.6091031432151794
4,125,0.7007427215576172
4,132,0.6989629864692688
4,139,0.6644937992095947
4,146,0.6822298169136047
4,153,0.6397800445556641
4,160,0.6369214653968811
4,167,0.6420749425888062
4,174,0.6243896484375
4,181,0.6737747192382812
4,188,0.6058890223503113
4,195,0.5939865112304688
4,202,0.6202103495597839
4,209,0.6509296894073486
4,216,0.5828708410263062
4,223,0.6885639429092407
4,230,0.604920506477356
4,237,0.6191858053207397
4,244,0.6050881147384644
4,251,0.6127746105194092
4,258,0.6890101432800293
4,265,0.5959827303886414
4,272,0.6671207547187805
4,279,0.6124003529548645
4,286,0.5983127951622009
4,293,0.6067669987678528
4,300,0.643311619758606
4,307,0.6520025730133057
4,314,0.6947917938232422
4,321,0.6937268376350403
4,328,0.6273912191390991
4,335,0.634433388710022
4,342,0.6668000221252441
4,349,0.6319611072540283
4,356,0.6556363701820374
4,363,0.6763471364974976
4,370,0.6389355659484863
4,377,0.6588163375854492
4,384,0.6492186784744263
4,391,0.6444436311721802
4,398,0.637556254863739
4,405,0.6250858902931213
4,412,0.5664300918579102
4,419,0.6371718645095825
4,426,0.6195734739303589
4,433,0.6909531950950623
4,440,0.6066226959228516
4,447,0.6188769340515137
4,454,0.6243200302124023
4,461,0.6102735996246338
4,468,0.6768156290054321
4,475,0.5972966551780701
4,482,0.6642799377441406
4,489,0.6058316826820374
4,496,0.5839383006095886
4,503,0.6457375288009644
4,510,0.658528208732605
4,517,0.6416041851043701
4,524,0.6292812824249268
4,531,0.6761066317558289
4,538,0.6353642344474792
4,545,0.6697678565979004
4,552,0.6387084126472473
4,559,0.6349216103553772
4,566,0.6460896134376526
4,573,0.652464747428894
4,580,0.6028537750244141
4,587,0.6225810050964355
4,594,0.6354023814201355
4,601,0.6116659045219421
4,608,0.6987860202789307
4,615,0.6643693447113037
4,622,0.6342090368270874
4,629,0.6887585520744324
4,636,0.6273530125617981
4,643,0.630813717842102
4,650,0.6126511096954346
4,657,0.6344431638717651
4,664,0.6434659957885742
4,671,0.568963348865509
4,678,0.6013889908790588
4,685,0.6785039305686951
4,692,0.6083141565322876
4,699,0.6437593698501587
4,706,0.6633874177932739
4,713,0.6302028894424438
4,720,0.6440111398696899
4,727,0.691535472869873
4,734,0.6860469579696655
4,741,0.625177800655365
4,748,0.6558387279510498
4,755,0.6216555237770081
4,762,0.6925656795501709
4,769,0.6382675170898438
4,776,0.7204588055610657
4,783,0.6459494233131409
4,790,0.6390960216522217
4,797,0.6740502715110779
4,804,0.5936447978019714
4,811,0.6611478328704834
4,818,0.5735133290290833
4,825,0.600197434425354
4,832,0.6120510101318359
4,839,0.6642372012138367
4,846,0.540964663028717
4,853,0.6144042015075684
4,860,0.5823090672492981
4,867,0.6081140041351318
4,874,0.648435652256012
4,881,0.6665747761726379
4,888,0.6108941435813904
4,895,0.6061737537384033
4,902,0.5936285853385925
4,909,0.6260882019996643
4,916,0.6219676733016968
4,923,0.6300903558731079
4,930,0.6271767020225525
4,937,0.6828352212905884
4,944,0.6781488060951233
4,951,0.6695711016654968
4,958,0.6378170847892761
4,965,0.5836924314498901
4,972,0.6245654225349426
4,979,0.5764213800430298
4,986,0.6307137608528137
4,993,0.6499270796775818
4,1000,0.6008787751197815
4,1007,0.703796923160553
4,1014,0.6973784565925598
4,1021,0.6961730122566223
4,1028,0.6147586107254028
4,1035,0.5568846464157104
4,1042,0.6225466728210449
4,1049,0.7016908526420593
4,1056,0.6011651754379272
4,1063,0.5758107900619507
4,1070,0.6837486028671265
4,1077,0.6585796475410461
4,1084,0.6255935430526733
4,1091,0.622551679611206
4,1098,0.6231095790863037
4,1105,0.6459706425666809
4,1112,0.5860475897789001
4,1119,0.6479699015617371
4,1126,0.6587408185005188
4,1133,0.6467269062995911
4,1140,0.5707870721817017
4,1147,0.6178386211395264
4,1154,0.7270944714546204
4,1161,0.5886089205741882
4,1168,0.6765782833099365
4,1175,0.7020424604415894
4,1182,0.6060965061187744
4,1189,0.591835618019104
4,1196,0.5850115418434143
4,1203,0.6124999523162842
4,1210,0.6850679516792297
4,1217,0.6218826174736023
4,1224,0.6425134539604187
4,1231,0.6651500463485718
4,1238,0.635453462600708
4,1245,0.689207911491394
4,1252,0.6041275858879089
4,1259,0.6358072757720947
4,1266,0.5994352698326111
4,1273,0.6551098227500916
4,1280,0.607910692691803
4,1287,0.5897656679153442
4,1294,0.6272851228713989
4,1301,0.6273817420005798
4,1308,0.6173108816146851
4,1315,0.6187536120414734
4,1322,0.6214015483856201
4,1329,0.6550765633583069
4,1336,0.6036268472671509
4,1343,0.644587516784668
4,1350,0.661668062210083
4,1357,0.6734164953231812
4,1364,0.6019071340560913
4,1371,0.605944812297821
4,1378,0.6643868088722229
4,1385,0.658865749835968
4,1392,0.6459501385688782
4,1399,0.568570077419281
4,1406,0.635948896408081
4,1413,0.6268267631530762
4,1420,0.6450467705726624
4,1427,0.6091402173042297
4,1434,0.6867678165435791
4,1441,0.5965104103088379
4,1448,0.6904918551445007
4,1455,0.6541452407836914
4,1462,0.5733060836791992
4,1469,0.6347531080245972
4,1476,0.5960785150527954
4,1483,0.6802954077720642
4,1490,0.598064661026001
4,1497,0.6753503084182739
4,1504,0.6482879519462585
4,1511,0.5813500285148621
4,1518,0.6102506518363953
4,1525,0.6301692724227905
4,1532,0.5698168277740479
4,1539,0.6839779615402222
4,1546,0.5847955346107483
4,1553,0.6648122072219849
4,1560,0.6473212838172913
4,1567,0.6889470815658569
4,1574,0.6004605889320374
4,1581,0.6650694608688354
4,1588,0.6798944473266602
4,1595,0.6673534512519836
4,1602,0.6963897347450256
4,1609,0.6544234156608582
4,1616,0.6150897145271301
4,1623,0.6409723162651062
4,1630,0.6155723333358765
4,1637,0.6102007627487183
4,1644,0.6953221559524536
4,1651,0.5884274244308472
4,1658,0.6614406108856201
4,1665,0.6914502382278442
4,1672,0.6740357875823975
4,1679,0.658420979976654
4,1686,0.6190990209579468
4,1693,0.6078591346740723
4,1700,0.568788468837738
4,1707,0.6481971740722656
4,1714,0.6142575144767761
4,1721,0.6944760084152222
4,1728,0.6428712606430054
4,1735,0.6227220296859741
4,1742,0.5817273259162903
4,1749,0.5995559096336365
4,1756,0.6444669961929321
4,1763,0.6247684359550476
4,1770,0.6090431809425354
4,1777,0.6579113602638245
4,1784,0.6330188512802124
4,1791,0.6211262941360474
4,1798,0.6521475911140442
4,1805,0.5434068441390991
4,1812,0.624747097492218
4,1819,0.6203771829605103
4,1826,0.5932929515838623
4,1833,0.6560923457145691
4,1840,0.712291419506073
4,1847,0.6194915771484375
4,1854,0.628014326095581
4,1861,0.6156352758407593
4,1868,0.6285797357559204
4,1875,0.6495596766471863
4,1882,0.66539466381073
4,1889,0.6451616287231445
4,1896,0.5892789959907532
4,1903,0.6569128036499023
4,1910,0.6626731753349304
4,1917,0.5788742303848267
4,1924,0.5789284706115723
4,1931,0.6649308204650879
4,1938,0.5585389733314514
4,1945,0.645835280418396
4,1952,0.6460079550743103
4,1959,0.6304183006286621
4,1966,0.6048694849014282
4,1973,0.6095002889633179
4,1980,0.6349064111709595
4,1987,0.6132793426513672
4,1994,0.6779166460037231
4,2001,0.6298937797546387
4,2008,0.6083682775497437
4,2015,0.636238694190979
4,2022,0.6384249925613403
4,2029,0.7422296404838562
4,2036,0.6703168153762817
4,2043,0.6127829551696777
4,2050,0.6454505920410156
4,2057,0.5889305472373962
4,2064,0.678694486618042
4,2071,0.608973503112793
4,2078,0.6074979901313782
4,2085,0.5919632911682129
4,2092,0.6186028718948364
4,2099,0.6271799802780151
4,2106,0.6621832251548767
4,2113,0.6791598796844482
4,2120,0.6632839441299438
4,2127,0.6524545550346375
4,2134,0.6221165060997009
4,2141,0.6032308340072632
4,2148,0.6184365153312683
4,2155,0.6012192368507385
4,2162,0.6278803944587708
4,2169,0.6518063545227051
4,2176,0.614417314529419
4,2183,0.6501348614692688
4,2190,0.620196521282196
4,2197,0.592545211315155
4,2204,0.6504837274551392
4,2211,0.6200672388076782
4,2218,0.6453273296356201
4,2225,0.6597625613212585
4,2232,0.5986716747283936
4,2239,0.6057672500610352
4,2246,0.6581975221633911
4,2253,0.6127700805664062
4,2260,0.6797475814819336
4,2267,0.6348960995674133
4,2274,0.6410527229309082
4,2281,0.6508222222328186
4,2288,0.6076928377151489
4,2295,0.6228688955307007
4,2302,0.5968180298805237
4,2309,0.6509575843811035
4,2316,0.6938404440879822
4,2323,0.6260985136032104
4,2330,0.5610211491584778
4,2337,0.6684233546257019
4,2344,0.6936666965484619
4,2351,0.6719242334365845
4,2358,0.5809825658798218
4,2365,0.6130914092063904
4,2372,0.6687039732933044
4,2379,0.6436918377876282
4,2386,0.6633116006851196
4,2393,0.6395156383514404
4,2400,0.6289568543434143
4,2407,0.6067569851875305
4,2414,0.6605086326599121
4,2421,0.6379980444908142
4,2428,0.637894868850708
4,2435,0.6962792873382568
4,2442,0.5811227560043335
4,2449,0.5967085957527161
4,2456,0.6570421457290649
4,2463,0.6396716237068176
4,2470,0.6455443501472473
4,2477,0.5945465564727783
4,2484,0.6829991340637207
4,2491,0.5857439041137695
4,2498,0.6414384841918945
4,2505,0.6679668426513672
4,2512,0.621069610118866
4,2519,0.6271221041679382
4,2526,0.7473461627960205
4,2533,0.625428318977356
4,2540,0.6074681282043457
4,2547,0.6683744192123413
4,2554,0.6151175498962402
4,2561,0.6640965938568115
4,2568,0.5882413387298584
4,2575,0.6173199415206909
4,2582,0.6246113181114197
4,2589,0.6126253604888916
4,2596,0.6238407492637634
4,2603,0.628987729549408
4,2610,0.623872697353363
4,2617,0.6277948617935181
4,2624,0.6009689569473267
4,2631,0.582626223564148
4,2638,0.6738530993461609
4,2645,0.6494711637496948
4,2652,0.6176134347915649
4,2659,0.5697796940803528
4,2666,0.5806259512901306
4,2673,0.6101762056350708
4,2680,0.6017027497291565
4,2687,0.6694893836975098
4,2694,0.6415209174156189
4,2701,0.6162114143371582
4,2708,0.6169516444206238
4,2715,0.662173867225647
4,2722,0.6582436561584473
4,2729,0.5973106622695923
4,2736,0.6834240555763245
4,2743,0.6154630184173584
4,2750,0.6279963850975037
4,2757,0.5866156816482544
4,2764,0.6593843698501587
4,2771,0.6260690689086914
4,2778,0.6431177854537964
4,2785,0.6606391668319702
4,2792,0.6209257245063782
4,2799,0.6552001237869263
4,2806,0.6166170835494995
4,2813,0.6267271637916565
4,2820,0.625715970993042
4,2827,0.6705251932144165
4,2834,0.6045131683349609
4,2841,0.663654088973999
4,2848,0.6416248679161072
4,2855,0.6581981778144836
4,2862,0.5785096883773804
4,2869,0.6003962159156799
4,2876,0.6156237125396729
4,2883,0.6268672943115234
4,2890,0.6679028868675232
4,2897,0.6744603514671326
4,2904,0.5898300409317017
4,2911,0.6511629819869995
4,2918,0.6124783754348755
4,2925,0.6612942218780518
4,2932,0.6439188718795776
4,2939,0.6264116168022156
4,2946,0.6280194520950317
4,2953,0.6705069541931152
4,2960,0.6593193411827087
4,2967,0.7181387543678284
4,2974,0.698201060295105
4,2981,0.6218804717063904
4,2988,0.6192069053649902
4,2995,0.6614197492599487
4,3002,0.6411046981811523
4,3009,0.6572616100311279
4,3016,0.6238213777542114
4,3023,0.6563618183135986
4,3030,0.6704949140548706
4,3037,0.6086892485618591
4,3044,0.6083984375
4,3051,0.6408466100692749
4,3058,0.6464680433273315
4,3065,0.6819006204605103
4,3072,0.5940232276916504
4,3079,0.607630729675293
4,3086,0.6772060394287109
4,3093,0.611485481262207
4,3100,0.6487390398979187
4,3107,0.6739199757575989
4,3114,0.6266143321990967
4,3121,0.5472102165222168
4,3128,0.7063158750534058
4,3135,0.6678145527839661
4,3142,0.6492053866386414
4,3149,0.6340001225471497
4,3156,0.6476682424545288
4,3163,0.6600616574287415
4,3170,0.6423807740211487
4,3177,0.6161641478538513
4,3184,0.6288095116615295
4,3191,0.6178296208381653
4,3198,0.6430014967918396
4,3205,0.6220124959945679
4,3212,0.5958543419837952
4,3219,0.5566688776016235
4,3226,0.6375772356987
4,3233,0.5346488952636719
4,3240,0.6012494564056396
4,3247,0.672423243522644
4,3254,0.615717351436615
4,3261,0.6502670049667358
4,3268,0.5882644057273865
4,3275,0.6033434271812439
4,3282,0.6046308279037476
4,3289,0.6232982873916626
4,3296,0.6157060861587524
4,3303,0.6931790113449097
4,3310,0.5604473352432251
4,3317,0.6345862150192261
4,3324,0.6312244534492493
4,3331,0.6618162393569946
4,3338,0.6390963792800903
4,3345,0.6450603008270264
4,3352,0.6777569651603699
4,3359,0.6415116190910339
4,3366,0.6511711478233337
4,3373,0.6804657578468323
4,3380,0.6553248167037964
4,3387,0.667968213558197
4,3394,0.6452027559280396
4,3401,0.6764349341392517
4,3408,0.6514458656311035
4,3415,0.5841450691223145
4,3422,0.6348257064819336
4,3429,0.6444774270057678
4,3436,0.6777049899101257
4,3443,0.6253647804260254
4,3450,0.6270500421524048
4,3457,0.6711374521255493
4,3462,0.4813803732395172
5,6,0.6524620056152344
5,13,0.650602400302887
5,20,0.6227330565452576
5,27,0.6040007472038269
5,34,0.6359241008758545
5,41,0.6103988885879517
5,48,0.5935944318771362
5,55,0.6263436675071716
5,62,0.6351770758628845
5,69,0.6438928842544556
5,76,0.6241114139556885
5,83,0.64827960729599
5,90,0.652576744556427
5,97,0.6067574620246887
5,104,0.6393409967422485
5,111,0.6708640456199646
5,118,0.6391195058822632
5,125,0.6336846947669983
5,132,0.5975383520126343
5,139,0.5961090326309204
5,146,0.6128253936767578
5,153,0.6477963924407959
5,160,0.6349104642868042
5,167,0.634515643119812
5,174,0.6367756724357605
5,181,0.6611474752426147
5,188,0.6703444123268127
5,195,0.6174389719963074
5,202,0.6161397695541382
5,209,0.6308974623680115
5,216,0.6514027714729309
5,223,0.6061780452728271
5,230,0.5716306567192078
5,237,0.7355831265449524
5,244,0.5722159743309021
5,251,0.6800224184989929
5,258,0.6671762466430664
5,265,0.5987616777420044
5,272,0.6212937831878662
5,279,0.640693724155426
5,286,0.6802966594696045
5,293,0.666033923625946
5,300,0.6193140745162964
5,307,0.6342641711235046
5,314,0.5956385731697083
5,321,0.6604694128036499
5,328,0.6236696243286133
5,335,0.5962027907371521
5,342,0.6346523761749268
5,349,0.6723166704177856
5,356,0.6333600282669067
5,363,0.717717170715332
5,370,0.6161961555480957
5,377,0.6984739899635315
5,384,0.6844110488891602
5,391,0.5635560154914856
5,398,0.5880635976791382
5,405,0.6035297513008118
5,412,0.664766788482666
5,419,0.652962863445282
5,426,0.6516814231872559
5,433,0.6987413763999939
5,440,0.6819383502006531
5,447,0.6026892066001892
5,454,0.6436612606048584
5,461,0.658435046672821
5,468,0.6247756481170654
5,475,0.5287659764289856
5,482,0.6665338277816772
5,489,0.6134100556373596
5,496,0.5957819223403931
5,503,0.6173998117446899
5,510,0.6140185594558716
5,517,0.6613263487815857
5,524,0.6831281185150146
5,531,0.6159689426422119
5,538,0.6398496627807617
5,545,0.6299145817756653
5,552,0.651804506778717
5,559,0.6298877596855164
5,566,0.6267564296722412
5,573,0.6336586475372314
5,580,0.6208548545837402
5,587,0.6287839412689209
5,594,0.6311057209968567
5,601,0.664741039276123
5,608,0.6251857280731201
5,615,0.6039204001426697
5,622,0.6009296774864197
5,629,0.5847823023796082
5,636,0.6562744379043579
5,643,0.616244375705719
5,650,0.6065747737884521
5,657,0.569988489151001
5,664,0.6271687746047974
5,671,0.6380351185798645
5,678,0.6099838018417358
5,685,0.6415419578552246
5,692,0.7140369415283203
5,699,0.6059153079986572
5,706,0.6613016128540039
5,713,0.6523436307907104
5,720,0.6023334264755249
5,727,0.6556069254875183
5,734,0.6390817761421204
5,741,0.6262941956520081
5,748,0.6101039052009583
5,755,0.6002238988876343
5,762,0.6292228698730469
5,769,0.6380311250686646
5,776,0.6295965909957886
5,783,0.6033737063407898
5,790,0.644558310508728
5,797,0.6095563769340515
5,804,0.6080641150474548
5,811,0.6315280199050903
5,818,0.6331872344017029
5,825,0.6258199214935303
5,832,0.6236385107040405
5,839,0.6801491379737854
5,846,0.6102956533432007
5,853,0.6239432096481323
5,860,0.6170130372047424
5,867,0.6310228109359741
5,874,0.6441608667373657
5,881,0.6427677869796753
5,888,0.695115327835083
5,895,0.6844649314880371
5,902,0.647803783416748
5,909,0.6086449027061462
5,916,0.5845708847045898
5,923,0.6269618272781372
5,930,0.5851598978042603
5,937,0.6217268109321594
5,944,0.6065376996994019
5,951,0.6143856644630432
5,958,0.6137120723724365
5,965,0.6191244721412659
5,972,0.6548557281494141
5,979,0.6070842146873474
5,986,0.6044147610664368
5,993,0.6536595225334167
5,1000,0.6586177349090576
5,1007,0.6261842250823975
5,1014,0.6220502853393555
5,1021,0.611805260181427
5,1028,0.633098840713501
5,1035,0.6663117408752441
5,1042,0.614024817943573
5,1049,0.6706696152687073
5,1056,0.6356908679008484
5,1063,0.6938212513923645
5,1070,0.6826919913291931
5,1077,0.598949670791626
5,1084,0.7220467925071716
5,1091,0.6029399633407593
5,1098,0.632178783416748
5,1105,0.6002179384231567
5,1112,0.6259082555770874
5,1119,0.5965989232063293
5,1126,0.6679728627204895
5,1133,0.6556750535964966
5,1140,0.6112756729125977
5,1147,0.5837372541427612
5,1154,0.6707519292831421
5,1161,0.6681838035583496
5,1168,0.599994957447052
5,1175,0.6188355684280396
5,1182,0.6185307502746582
5,1189,0.6079809069633484
5,1196,0.6829477548599243
5,1203,0.6308467388153076
5,1210,0.6237780451774597
5,1217,0.6331647038459778
5,1224,0.6138140559196472
5,1231,0.6558220386505127
5,1238,0.6577145457267761
5,1245,0.6433719396591187
5,1252,0.6583346128463745
5,1259,0.6755284070968628
5,1266,0.6779137849807739
5,1273,0.5890803933143616
5,1280,0.6322081685066223
5,1287,0.6581077575683594
5,1294,0.6217374801635742
5,1301,0.6153527498245239
5,1308,0.63535475730896
5,1315,0.6225109696388245
5,1322,0.5988128781318665
5,1329,0.6883519887924194
5,1336,0.5879095792770386
5,1343,0.6037169098854065
5,1350,0.5776956677436829
5,1357,0.6060041189193726
5,1364,0.630250871181488
5,1371,0.6572380661964417
5,1378,0.6437934041023254
5,1385,0.6478784084320068
5,1392,0.6680306792259216
5,1399,0.5452602505683899
5,1406,0.6603076457977295
5,1413,0.6417574882507324
5,1420,0.629385769367218
5,1427,0.5892046689987183
5,1434,0.6064019799232483
5,1441,0.657077431678772
5,1448,0.6201005578041077
5,1455,0.608877956867218
5,1462,0.654011607170105
5,1469,0.599842369556427
5,1476,0.650205135345459
5,1483,0.6319510340690613
5,1490,0.6398400068283081
5,1497,0.6067377924919128
5,1504,0.6427004337310791
5,1511,0.6237590312957764
5,1518,0.673979640007019
5,1525,0.6186230778694153
5,1532,0.6133547425270081
5,1539,0.6651200652122498
5,1546,0.7034793496131897
5,1553,0.6037247180938721
5,1560,0.6395391821861267
5,1567,0.6062862873077393
5,1574,0.6037449836730957
5,1581,0.6544926166534424
5,1588,0.6663116216659546
5,1595,0.586931049823761
5,1602,0.5610430836677551
5,1609,0.6141306757926941
5,1616,0.6336544752120972
5,1623,0.6288348436355591
5,1630,0.581443190574646
5,1637,0.6433819532394409
5,1644,0.6567192673683167
5,1651,0.5865518450737
5,1658,0.6302410960197449
5,1665,0.6304180026054382
5,1672,0.6579296588897705
5,1679,0.5611170530319214
5,1686,0.6341630816459656
5,1693,0.6248713731765747
5,1700,0.6622455716133118
5,1707,0.567744255065918
5,1714,0.6005185842514038
5,1721,0.6386239528656006
5,1728,0.6237192153930664
5,1735,0.6557536721229553
5,1742,0.6365504264831543
5,1749,0.594968855381012
5,1756,0.6329668164253235
5,1763,0.6371678709983826
5,1770,0.6240049004554749
5,1777,0.6023884415626526
5,1784,0.6569491028785706
5,1791,0.6307427883148193
5,1798,0.6286538243293762
5,1805,0.6204932928085327
5,1812,0.6709762811660767
5,1819,0.5851391553878784
5,1826,0.6303206086158752
5,1833,0.5535717010498047
5,1840,0.6546223759651184
5,1847,0.616322934627533
5,1854,0.5943708419799805
5,1861,0.646453320980072
5,1868,0.6181966662406921
5,1875,0.6223841309547424
5,1882,0.6530606746673584
5,1889,0.6280945539474487
5,1896,0.6145274639129639
5,1903,0.6637417674064636
5,1910,0.597581148147583
5,1917,0.6077893972396851
5,1924,0.6196554899215698
5,1931,0.637124240398407
5,1938,0.6208087801933289
5,1945,0.6330507397651672
5,1952,0.6665370464324951
5,1959,0.6185253858566284
5,1966,0.6356848478317261
5,1973,0.6268720030784607
5,1980,0.6228545308113098
5,1987,0.6801019310951233
5,1994,0.6492640972137451
5,2001,0.6113555431365967
5,2008,0.6001065373420715
5,2015,0.6319617629051208
5,2022,0.6374182105064392
5,2029,0.6196340322494507
5,2036,0.6067825555801392
5,2043,0.5974342823028564
5,2050,0.6311139464378357
5,2057,0.6355780959129333
5,2064,0.6638186573982239
5,2071,0.6623631715774536
5,2078,0.6545693874359131
5,2085,0.6205912828445435
5,2092,0.6007049083709717
5,2099,0.6793721914291382
5,2106,0.673275887966156
5,2113,0.6000192761421204
5,2120,0.6649999618530273
5,2127,0.5971152186393738
5,2134,0.659461498260498
5,2141,0.6463525891304016
5,2148,0.6362791657447815
5,2155,0.6095841526985168
5,2162,0.652009129524231
5,2169,0.6591418981552124
5,2176,0.6370204091072083
5,2183,0.6185116767883301
5,2190,0.6449590921401978
5,2197,0.626526951789856
5,2204,0.6375697255134583
5,2211,0.6962152719497681
5,2218,0.6946975588798523
5,2225,0.6452597975730896
5,2232,0.579378604888916
5,2239,0.6316882371902466
5,2246,0.6677878499031067
5,2253,0.644005537033081
5,2260,0.5820138454437256
5,2267,0.6927810311317444
5,2274,0.6220090389251709
5,2281,0.6644493341445923
5,2288,0.6005295515060425
5,2295,0.6179298758506775
5,2302,0.6242810487747192
5,2309,0.6432757377624512
5,2316,0.6719396114349365
5,2323,0.7027122378349304
5,2330,0.7034223675727844
5,2337,0.6053478717803955
5,2344,0.6601536870002747
5,2351,0.6357461214065552
5,2358,0.6443312168121338
5,2365,0.6705449223518372
5,2372,0.6319468021392822
5,2379,0.5963719487190247
5,2386,0.5997836589813232
5,2393,0.5553730130195618
5,2400,0.678875207901001
5,2407,0.6050715446472168
5,2414,0.6340213418006897
5,2421,0.6604561805725098
5,2428,0.6554871797561646
5,2435,0.6281635165214539
5,2442,0.645198404788971
5,2449,0.625199556350708
5,2456,0.6324673891067505
5,2463,0.5990121364593506
5,2470,0.6293544173240662
5,2477,0.6470866799354553
5,2484,0.6632394790649414
5,2491,0.6293171644210815
5,2498,0.6318337917327881
5,2505,0.6278800368309021
5,2512,0.6199780702590942
5,2519,0.6869873404502869
5,2526,0.5829344391822815
5,2533,0.5995203256607056
5,2540,0.6101940870285034
5,2547,0.6381758451461792
5,2554,0.6504956483840942
5,2561,0.5887502431869507
5,2568,0.6612396240234375
5,2575,0.6346402764320374
5,2582,0.6280192732810974
5,2589,0.5970598459243774
5,2596,0.6319502592086792
5,2603,0.6392137408256531
5,2610,0.6441515684127808
5,2617,0.6343421936035156
5,2624,0.6513800621032715
5,2631,0.6693722009658813
5,2638,0.6093324422836304
5,2645,0.6347118020057678
5,2652,0.6604884266853333
5,2659,0.5966551303863525
5,2666,0.6277167797088623
5,2673,0.6034870147705078
5,2680,0.6325543522834778
5,2687,0.6346583366394043
5,2694,0.6421116590499878
5,2701,0.6274152994155884
5,2708,0.6402279734611511
5,2715,0.5772044658660889
5,2722,0.6730307340621948
5,2729,0.6520251631736755
5,2736,0.6030229330062866
5,2743,0.6359946727752686
5,2750,0.6276405453681946
5,2757,0.6389439702033997
5,2764,0.6274818778038025
5,2771,0.6764569878578186
5,2778,0.5846126675605774
5,2785,0.6418309211730957
5,2792,0.5700467824935913
5,2799,0.6494809985160828
5,2806,0.6583557724952698
5,2813,0.6185373067855835
5,2820,0.685386061668396
5,2827,0.610062301158905
5,2834,0.657944917678833
5,2841,0.6326517462730408
5,2848,0.6203153133392334
5,2855,0.6211974024772644
5,2862,0.646145224571228
5,2869,0.6360613703727722
5,2876,0.6673357486724854
5,2883,0.6299794912338257
5,2890,0.6391578912734985
5,2897,0.6001128554344177
5,2904,0.6642665863037109
5,2911,0.5911344289779663
5,2918,0.6531774401664734
5,2925,0.601799726486206
5,2932,0.6514043211936951
5,2939,0.6250156164169312
5,2946,0.623091459274292
5,2953,0.6394466757774353
5,2960,0.6446775794029236
5,2967,0.6417744159698486
5,2974,0.6695530414581299
5,2981,0.6438491344451904
5,2988,0.6640859246253967
5,2995,0.6419373750686646
5,3002,0.6095026731491089
5,3009,0.6565688252449036
5,3016,0.6051788926124573
5,3023,0.6391042470932007
5,3030,0.6393601894378662
5,3037,0.6199473142623901
5,3044,0.7041691541671753
5,3051,0.5927145481109619
5,3058,0.580682098865509
5,3065,0.6335687637329102
5,3072,0.6133515238761902
5,3079,0.6002426147460938
5,3086,0.6636781692504883
5,3093,0.5954061150550842
5,3100,0.6388291716575623
5,3107,0.5578900575637817
5,3114,0.6997430324554443
5,3121,0.6688094139099121
5,3128,0.651439368724823
5,3135,0.6555782556533813
5,3142,0.6239252686500549
5,3149,0.567318856716156
5,3156,0.660452127456665
5,3163,0.6151299476623535
5,3170,0.6360796093940735
5,3177,0.5685187578201294
5,3184,0.6642767190933228
5,3191,0.6205752491950989
5,3198,0.655314028263092
5,3205,0.6056811809539795
5,3212,0.5880832672119141
5,3219,0.6881571412086487
5,3226,0.6222636103630066
5,3233,0.6674370169639587
5,3240,0.6228013038635254
5,3247,0.6040225625038147
5,3254,0.584791362285614
5,3261,0.6386824250221252
5,3268,0.5920063853263855
5,3275,0.7179318070411682
5,3282,0.6263769268989563
5,3289,0.5806108713150024
5,3296,0.65993332862854
5,3303,0.641289234161377
5,3310,0.6579254269599915
5,3317,0.632993221282959
5,3324,0.5967374444007874
5,3331,0.5966611504554749
5,3338,0.6722983717918396
5,3345,0.6183035373687744
5,3352,0.7230784893035889
5,3359,0.6088995337486267
5,3366,0.6454286575317383
5,3373,0.6320683360099792
5,3380,0.6652386784553528
5,3387,0.6719115972518921
5,3394,0.5363027453422546
5,3401,0.6161244511604309
5,3408,0.6114293336868286
5,3415,0.641624927520752
5,3422,0.6466388702392578
5,3429,0.6276938319206238
5,3436,0.6187537908554077
5,3443,0.5850244760513306
5,3450,0.6855704188346863
5,3457,0.653275191783905
5,3462,0.4803624153137207
6,6,0.6677209138870239
6,13,0.6709555983543396
6,20,0.6407930254936218
6,27,0.6451266407966614
6,34,0.659659743309021
6,41,0.6615733504295349
6,48,0.6361111402511597
6,55,0.6300049424171448
6,62,0.650461733341217
6,69,0.6094262599945068
6,76,0.6274717450141907
6,83,0.644025444984436
6,90,0.6238455772399902
6,97,0.5898862481117249
6,104,0.6788767576217651
6,111,0.6877250671386719
6,118,0.66752690076828
6,125,0.6068815588951111
6,132,0.6719786524772644
6,139,0.6597537994384766
6,146,0.6305166482925415
6,153,0.6550491452217102
6,160,0.6823968887329102
6,167,0.612495481967926
6,174,0.6127568483352661
6,181,0.5725746750831604
6,188,0.6382336020469666
6,195,0.5852212905883789
6,202,0.6526764631271362
6,209,0.6636027097702026
6,216,0.6354490518569946
6,223,0.6852092742919922
6,230,0.671593964099884
6,237,0.6649821996688843
6,244,0.630455732345581
6,251,0.6597697734832764
6,258,0.643680214881897
6,265,0.6406338214874268
6,272,0.6113861799240112
6,279,0.6512390971183777
6,286,0.6980892419815063
6,293,0.6160050630569458
6,300,0.6494061350822449
6,307,0.6801422834396362
6,314,0.6419492959976196
6,321,0.6363210082054138
6,328,0.7069838643074036
6,335,0.6997878551483154
6,342,0.6252087950706482
6,349,0.62727952003479
6,356,0.6624808311462402
6,363,0.5799839496612549
6,370,0.6769924163818359
6,377,0.6336826682090759
6,384,0.6361744403839111
6,391,0.6074134111404419
6,398,0.6083313822746277
6,405,0.6480766534805298
6,412,0.6513383388519287
6,419,0.6559796929359436
6,426,0.6121076941490173
6,433,0.6918701529502869
6,440,0.6439807415008545
6,447,0.612284779548645
6,454,0.6104292273521423
6,461,0.5826634168624878
6,468,0.6598970293998718
6,475,0.6642388105392456
6,482,0.574652373790741
6,489,0.5919719338417053
6,496,0.6714033484458923
6,503,0.6402480602264404
6,510,0.5991652607917786
6,517,0.6177122592926025
6,524,0.5901978015899658
6,531,0.6702914834022522
6,538,0.6178194880485535
6,545,0.572621762752533
6,552,0.6389474868774414
6,559,0.6332376003265381
6,566,0.5804735422134399
6,573,0.5473836660385132
6,580,0.6662675142288208
6,587,0.63071209192276
6,594,0.7087149024009705
6,601,0.6350239515304565
6,608,0.70319002866745
6,615,0.6663427948951721
6,622,0.6742692589759827
6,629,0.6181471943855286
6,636,0.5634886026382446
6,643,0.6138660907745361
6,650,0.6961489319801331
6,657,0.6768983602523804
6,664,0.6318068504333496
6,671,0.6443039178848267
6,678,0.6360000371932983
6,685,0.6155539155006409
6,692,0.6412796378135681
6,699,0.669497013092041
6,706,0.6447705030441284
6,713,0.6594133973121643
6,720,0.621360719203949
6,727,0.6228209137916565
6,734,0.6480051279067993
6,741,0.660599410533905
6,748,0.628875732421875
6,755,0.6176320314407349
6,762,0.6885883212089539
6,769,0.5890179872512817
6,776,0.6495592594146729
6,783,0.6357519626617432
6,790,0.6336060762405396
6,797,0.5922922492027283
6,804,0.5717137455940247
6,811,0.6185175180435181
6,818,0.6600686311721802
6,825,0.5948971509933472
6,832,0.5918980240821838
6,839,0.6508851051330566
6,846,0.6521905660629272
6,853,0.6314069032669067
6,860,0.6686443090438843
6,867,0.5536108613014221
6,874,0.7302533984184265
6,881,0.5950455665588379
6,888,0.6129921078681946
6,895,0.611396849155426
6,902,0.6094293594360352
6,909,0.6226102709770203
6,916,0.6308463215827942
6,923,0.5986877679824829
6,930,0.6350576281547546
6,937,0.6339488625526428
6,944,0.6353601217269897
6,951,0.6644779443740845
6,958,0.621123194694519
6,965,0.6417461633682251
6,972,0.6957821249961853
6,979,0.6162861585617065
6,986,0.5878026485443115
6,993,0.5885816812515259
6,1000,0.6347092986106873
6,1007,0.6706109046936035
6,1014,0.6392909288406372
6,1021,0.6765663027763367
6,1028,0.6563622951507568
6,1035,0.6668462157249451
6,1042,0.6143985986709595
6,1049,0.5998645424842834
6,1056,0.5912879705429077
6,1063,0.6037091016769409
6,1070,0.6030155420303345
6,1077,0.6693311333656311
6,1084,0.6556209921836853
6,1091,0.591647744178772
6,1098,0.5885911583900452
6,1105,0.5778671503067017
6,1112,0.6066662669181824
6,1119,0.5869824886322021
6,1126,0.6287600994110107
6,1133,0.6388094425201416
6,1140,0.6459702849388123
6,1147,0.5961971879005432
6,1154,0.5882179737091064
6,1161,0.6149947643280029
6,1168,0.6471357345581055
6,1175,0.63637375831604
6,1182,0.6851693987846375
6,1189,0.6335731148719788
6,1196,0.5984564423561096
6,1203,0.6345905065536499
6,1210,0.6081108450889587
6,1217,0.5778162479400635
6,1224,0.6165939569473267
6,1231,0.6418684720993042
6,1238,0.6433599591255188
6,1245,0.6433106064796448
6,1252,0.6558480858802795
6,1259,0.619552493095398
6,1266,0.6553090214729309
6,1273,0.6085085868835449
6,1280,0.5918723940849304
6,1287,0.6345280408859253
6,1294,0.7368663549423218
6,1301,0.6224018335342407
6,1308,0.570227324962616
6,1315,0.594681441783905
6,1322,0.6543243527412415
6,1329,0.6738038063049316
6,1336,0.6453851461410522
6,1343,0.6644005179405212
6,1350,0.6120910048484802
6,1357,0.557866632938385
6,1364,0.612226128578186
6,1371,0.6237893104553223
6,1378,0.6170462369918823
6,1385,0.6639165878295898
6,1392,0.5912113189697266
6,1399,0.6731317043304443
6,1406,0.6411452293395996
6,1413,0.6505486965179443
6,1420,0.6841410398483276
6,1427,0.6119458675384521
6,1434,0.6671464443206787
6,1441,0.6304982900619507
6,1448,0.5859149694442749
6,1455,0.6144337058067322
6,1462,0.64899742603302
6,1469,0.6756300926208496
6,1476,0.621722400188446
6,1483,0.6572974920272827
6,1490,0.6117454171180725
6,1497,0.6300082206726074
6,1504,0.6424902677536011
6,1511,0.5884508490562439
6,1518,0.6286832094192505
6,1525,0.6207250952720642
6,1532,0.5852182507514954
6,1539,0.6012536883354187
6,1546,0.6206454634666443
6,1553,0.6639117002487183
6,1560,0.619814395904541
6,1567,0.6042059659957886
6,1574,0.6119572520256042
6,1581,0.5871809720993042
6,1588,0.6215989589691162
6,1595,0.6036849021911621
6,1602,0.6000123620033264
6,1609,0.6163502335548401
6,1616,0.6616352796554565
6,1623,0.6885679960250854
6,1630,0.6314107179641724
6,1637,0.5738265514373779
6,1644,0.6335549354553223
6,1651,0.6200228333473206
6,1658,0.6067742705345154
6,1665,0.6546912789344788
6,1672,0.6462960243225098
6,1679,0.6842713356018066
6,1686,0.6032190322875977
6,1693,0.646198034286499
6,1700,0.6449757814407349
6,1707,0.6489515900611877
6,1714,0.6647279858589172
6,1721,0.7042830586433411
6,1728,0.6340234279632568
6,1735,0.6358605027198792
6,1742,0.6359672546386719
6,1749,0.6452155709266663
6,1756,0.6571375131607056
6,1763,0.6016224026679993
6,1770,0.5931584239006042
6,1777,0.646852970123291
6,1784,0.6518563628196716
6,1791,0.6149708032608032
6,1798,0.5726116895675659
6,1805,0.6422765851020813
6,1812,0.5978981852531433
6,1819,0.6381959319114685
6,1826,0.6319745779037476
6,1833,0.6260737180709839
6,1840,0.7159218192100525
6,1847,0.6536555290222168
6,1854,0.6012536287307739
6,1861,0.6329659819602966
6,1868,0.626244306564331
6,1875,0.6713517904281616
6,1882,0.5767292976379395
6,1889,0.5818222165107727
6,1896,0.6348544359207153
6,1903,0.6246763467788696
6,1910,0.610636830329895
6,1917,0.6142762899398804
6,1924,0.6492308974266052
6,1931,0.6440085768699646
6,1938,0.5976263284683228
6,1945,0.6422641277313232
6,1952,0.6027126312255859
6,1959,0.6192158460617065
6,1966,0.5974717140197754
6,1973,0.6624948382377625
6,1980,0.6659381985664368
6,1987,0.5816943645477295
6,1994,0.5504636168479919
6,2001,0.686816394329071
6,2008,0.682436466217041
6,2015,0.5886984467506409
6,2022,0.6501138806343079
6,2029,0.5870143175125122
6,2036,0.6320949792861938
6,2043,0.6109417676925659
6,2050,0.6272263526916504
6,2057,0.6567520499229431
6,2064,0.5873777270317078
6,2071,0.6356913447380066
6,2078,0.6809139847755432
6,2085,0.6848428249359131
6,2092,0.6286299228668213
6,2099,0.6039900779724121
6,2106,0.6700779795646667
6,2113,0.597602128982544
6,2120,0.6540671586990356
6,2127,0.6400907635688782
6,2134,0.5943647623062134
6,2141,0.6840324997901917
6,2148,0.5366436839103699
6,2155,0.6826830506324768
6,2162,0.670040488243103
6,2169,0.6551379561424255
6,2176,0.6758891940116882
6,2183,0.5923395752906799
6,2190,0.6693933010101318
6,2197,0.6638401746749878
6,2204,0.5939019918441772
6,2211,0.6012942790985107
6,2218,0.6568884253501892
6,2225,0.5994744300842285
6,2232,0.6231537461280823
6,2239,0.6279308199882507
6,2246,0.6095932722091675
6,2253,0.6854867339134216
6,2260,0.5972055196762085
6,2267,0.6169720888137817
6,2274,0.5655726790428162
6,2281,0.6603457927703857
6,2288,0.6132399439811707
6,2295,0.6027562022209167
6,2302,0.6551932096481323
6,2309,0.6589147448539734
6,2316,0.6576363444328308
6,2323,0.5827747583389282
6,2330,0.6500871181488037
6,2337,0.6258522272109985
6,2344,0.6648949980735779
6,2351,0.6864051818847656
6,2358,0.6088375449180603
6,2365,0.6304064989089966
6,2372,0.5921685695648193
6,2379,0.6338119506835938
6,2386,0.6820680499076843
6,2393,0.5953680872917175
6,2400,0.6085191965103149
6,2407,0.6356348395347595
6,2414,0.6296887993812561
6,2421,0.6000877618789673
6,2428,0.6683143377304077
6,2435,0.5921840667724609
6,2442,0.6053983569145203
6,2449,0.6924260258674622
6,2456,0.634432315826416
6,2463,0.6332960724830627
6,2470,0.5988141894340515
6,2477,0.6476518511772156
6,2484,0.5839933156967163
6,2491,0.5913562774658203
6,2498,0.6203511953353882
6,2505,0.6002252101898193
6,2512,0.6688473224639893
6,2519,0.6243665218353271
6,2526,0.6115996241569519
6,2533,0.6644459962844849
6,2540,0.5968530774116516
6,2547,0.5683227777481079
6,2554,0.691341757774353
6,2561,0.6272971034049988
6,2568,0.6016101837158203
6,2575,0.6291713714599609
6,2582,0.6373456716537476
6,2589,0.6588629484176636
6,2596,0.7209333181381226
6,2603,0.6305575370788574
6,2610,0.6869434118270874
6,2617,0.6408265233039856
6,2624,0.6466820240020752
6,2631,0.6507312655448914
6,2638,0.6432373523712158
6,2645,0.67414790391922
6,2652,0.6525903940200806
6,2659,0.6768638491630554
6,2666,0.6913306713104248
6,2673,0.6242640018463135
6,2680,0.6012232303619385
6,2687,0.5998871326446533
6,2694,0.6354676485061646
6,2701,0.5705235004425049
6,2708,0.6071957945823669
6,2715,0.618843138217926
6,2722,0.6294316649436951
6,2729,0.6089470386505127
6,2736,0.6089317798614502
6,2743,0.6634678244590759
6,2750,0.663788914680481
6,2757,0.6658328771591187
6,2764,0.6267727613449097
6,2771,0.643661379814148
6,2778,0.6285970211029053
6,2785,0.6723626255989075
6,2792,0.6269314289093018
6,2799,0.6152800917625427
6,2806,0.6249327063560486
6,2813,0.5635777115821838
6,2820,0.6899470686912537
6,2827,0.6565715670585632
6,2834,0.6846445798873901
6,2841,0.5802010297775269
6,2848,0.6371413469314575
6,2855,0.5997266173362732
6,2862,0.5987280607223511
6,2869,0.5827488899230957
6,2876,0.6266769170761108
6,2883,0.6461194157600403
6,2890,0.5967494249343872
6,2897,0.5806159377098083
6,2904,0.6036198735237122
6,2911,0.5948606729507446
6,2918,0.6599979400634766
6,2925,0.6086431741714478
6,2932,0.651681661605835
6,2939,0.664067804813385
6,2946,0.5947887897491455
6,2953,0.6578835248947144
6,2960,0.6144461631774902
6,2967,0.7198599576950073
6,2974,0.691356897354126
6,2981,0.6127371191978455
6,2988,0.5863843560218811
6,2995,0.5683616399765015
6,3002,0.6227768659591675
6,3009,0.6330945491790771
6,3016,0.6297338604927063
6,3023,0.6113157272338867
6,3030,0.5673801898956299
6,3037,0.5921007990837097
6,3044,0.6460447311401367
6,3051,0.5975130200386047
6,3058,0.6569193005561829
6,3065,0.609744668006897
6,3072,0.6227854490280151
6,3079,0.6573742032051086
6,3086,0.618943452835083
6,3093,0.5651809573173523
6,3100,0.6090415716171265
6,3107,0.657306432723999
6,3114,0.6004465222358704
6,3121,0.6194899678230286
6,3128,0.6152414679527283
6,3135,0.5767389535903931
6,3142,0.6354135274887085
6,3149,0.6493053436279297
6,3156,0.6033558249473572
6,3163,0.645949125289917
6,3170,0.6653534173965454
6,3177,0.6544480323791504
6,3184,0.5807169675827026
6,3191,0.6285357475280762
6,3198,0.5945587754249573
6,3205,0.6140571236610413
6,3212,0.6219417452812195
6,3219,0.6205381155014038
6,3226,0.5953407287597656
6,3233,0.6433068513870239
6,3240,0.6000285148620605
6,3247,0.6893860697746277
6,3254,0.6199974417686462
6,3261,0.6164557933807373
6,3268,0.6055695414543152
6,3275,0.5785837769508362
6,3282,0.5981413125991821
6,3289,0.6666846871376038
6,3296,0.6352051496505737
6,3303,0.7051185369491577
6,3310,0.6494449377059937
6,3317,0.6419554352760315
6,3324,0.6258068084716797
6,3331,0.6382110118865967
6,3338,0.6712621450424194
6,3345,0.5956321358680725
6,3352,0.5968327522277832
6,3359,0.6310393214225769
6,3366,0.6966910362243652
6,3373,0.6589472889900208
6,3380,0.6526361703872681
6,3387,0.67157381772995
6,3394,0.6689386963844299
6,3401,0.6996188163757324
6,3408,0.6849648952484131
6,3415,0.6153121590614319
6,3422,0.6576423048973083
6,3429,0.6488445997238159
6,3436,0.6178980469703674
6,3443,0.5944011807441711
6,3450,0.6379790902137756
6,3457,0.5847203731536865
6,3462,0.48522934317588806
